id,first_name,last_name,age,email,password,created_at,updated_at
1,Paul,Halliday,22,email0@email.com,cats123,2015-05-25 00:00:53 UTC,2015-05-25 00:00:53 UTC
2,Shaun,Halliday,50,email1@email.com,cats123,2015-05-25 00:00:53 UTC,2015-05-25 00:00:53 UTC
3,Marnie,Halliday,20,email2@email.com,cats123,2015-05-25 00:00:53 UTC,2015-05-25 00:00:53 UTC
4,Shaun,Serna,28,email3@email.com,cats123,2015-05-25 00:00:53 UTC,2015-05-25 00:00:53 UTC
5,Paul,Serna,44,email4@email.com,cats123,2015-05-25 00:00:53 UTC,2015-05-25 00:00:53 UTC
6,Patty,Marshall,39,email5@email.com,cats123,2015-05-25 00:00:53 UTC,2015-05-25 00:00:53 UTC
7,Paul,Marshall,33,email6@email.com,cats123,2015-05-25 00:00:53 UTC,2015-05-25 00:00:53 UTC
8,Marnie,Hawkins,32,email7@email.com,cats123,2015-05-25 00:00:53 UTC,2015-05-25 00:00:53 UTC
9,Shaun,Marshall,37,email8@email.com,cats123,2015-05-25 00:00:53 UTC,2015-05-25 00:00:53 UTC
10,Paul,Serna,46,email9@email.com,cats123,2015-05-25 00:00:53 UTC,2015-05-25 00:00:53 UTC
